"order_id","cliente","fecha_venta","fecha_venta_anterior","diferencia_dias","diferencia_meses","monto_venta"
"10248","Paul Henriot","1996-07-04","1900-01-01","0","0","440.00"
"10249","Karin Josephs","1996-07-05","1900-01-01","0","0","1863.40"
"10250","Mario Pontes","1996-07-08","1900-01-01","0","0","1552.60"
"10251","Mary Saveley","1996-07-08","1900-01-01","0","0","654.06"
"10252","Pascale Cartrain","1996-07-09","1900-01-01","0","0","3597.90"
"10253","Mario Pontes","1996-07-10","1996-07-08","2","0","1444.80"
"10254","Yang Wang","1996-07-11","1900-01-01","0","0","556.62"
"10255","Michael Holz","1996-07-12","1900-01-01","0","0","2490.50"
"10256","Paula Parente","1996-07-15","1900-01-01","0","0","517.80"
"10257","Carlos Hernández","1996-07-16","1900-01-01","0","0","1119.90"
"10258","Roland Mendel","1996-07-17","1900-01-01","0","0","1614.88"
"10259","Francisco Chang","1996-07-18","1900-01-01","0","0","100.80"
"10260","Henriette Pfalzheim","1996-07-19","1900-01-01","0","0","1504.65"
"10261","Bernardo Batista","1996-07-19","1900-01-01","0","0","448.00"
"10262","Paula Wilson","1996-07-22","1900-01-01","0","0","584.00"
"10263","Roland Mendel","1996-07-23","1996-07-17","6","0","1873.80"
"10264","Maria Larsson","1996-07-24","1900-01-01","0","0","695.63"
"10265","Frédérique Citeaux","1996-07-25","1900-01-01","0","0","1176.00"
"10266","Pirkko Koskitalo","1996-07-26","1900-01-01","0","0","346.56"
"10267","Peter Franken","1996-07-29","1900-01-01","0","0","3536.60"
"10268","Manuel Pereira","1996-07-30","1900-01-01","0","0","1101.20"
"10269","Karl Jablonski","1996-07-31","1900-01-01","0","0","642.20"
"10270","Pirkko Koskitalo","1996-08-01","1996-07-26","6","0","1376.00"
"10271","Art Braunschweiger","1996-08-01","1900-01-01","0","0","48.00"
"10272","Paula Wilson","1996-08-02","1996-07-22","11","0","1456.00"
"10273","Horst Kloss","1996-08-05","1900-01-01","0","0","2037.28"
"10274","Paul Henriot","1996-08-06","1996-07-04","2","1","538.60"
"10275","Giovanni Rovelli","1996-08-07","1900-01-01","0","0","291.84"
"10276","Miguel Angel Paolino","1996-08-08","1900-01-01","0","0","420.00"
"10277","Alexander Feuer","1996-08-09","1900-01-01","0","0","1200.80"
"10278","Christina Berglund","1996-08-12","1900-01-01","0","0","1488.80"
"10279","Renate Messner","1996-08-13","1900-01-01","0","0","351.00"
"10280","Christina Berglund","1996-08-14","1996-08-12","2","0","613.20"
"10281","Alejandra Camino","1996-08-14","1900-01-01","0","0","86.50"
"10282","Alejandra Camino","1996-08-15","1996-08-14","1","0","155.40"
"10283","Carlos González","1996-08-16","1900-01-01","0","0","1414.80"
"10284","Renate Messner","1996-08-19","1996-08-13","6","0","1170.37"
"10285","Horst Kloss","1996-08-20","1996-08-05","15","0","1743.36"
"10286","Horst Kloss","1996-08-21","1996-08-20","1","0","3016.00"
"10287","Janete Limeira","1996-08-22","1900-01-01","0","0","819.00"
"10288","Maurizio Moroni","1996-08-23","1900-01-01","0","0","80.10"
"10289","Victoria Ashworth","1996-08-26","1900-01-01","0","0","479.40"
"10290","Pedro Afonso","1996-08-27","1900-01-01","0","0","2169.00"
"10291","Bernardo Batista","1996-08-27","1996-07-19","8","1","497.52"
"10292","Anabela Domingues","1996-08-28","1900-01-01","0","0","1296.00"
"10293","Miguel Angel Paolino","1996-08-29","1996-08-08","21","0","848.70"
"10294","Paula Wilson","1996-08-30","1996-08-02","28","0","1887.60"
"10295","Paul Henriot","1996-09-02","1996-08-06","27","0","121.60"
"10296","Carlos González","1996-09-03","1996-08-16","18","0","1050.60"
"10297","Frédérique Citeaux","1996-09-04","1996-07-25","10","1","1420.00"
"10298","Patricia McKenna","1996-09-05","1900-01-01","0","0","2645.00"
"10299","Janete Limeira","1996-09-06","1996-08-22","15","0","349.50"
"10300","Giovanni Rovelli","1996-09-09","1996-08-07","2","1","608.00"
"10301","Rita Müller","1996-09-09","1900-01-01","0","0","755.00"
"10302","Pascale Cartrain","1996-09-10","1996-07-09","1","2","2708.80"
"10303","José Pedro Freyre","1996-09-11","1900-01-01","0","0","1117.80"
"10304","Miguel Angel Paolino","1996-09-12","1996-08-29","14","0","954.40"
"10305","Rene Phillips","1996-09-13","1900-01-01","0","0","3741.30"
"10306","Alejandra Camino","1996-09-16","1996-08-15","1","1","498.50"
"10307","Fran Wilson","1996-09-17","1900-01-01","0","0","424.00"
"10308","Ana Trujillo","1996-09-18","1900-01-01","0","0","88.80"
"10309","Patricia McKenna","1996-09-19","1996-09-05","14","0","1762.00"
"10310","Liz Nixon","1996-09-20","1900-01-01","0","0","336.00"
"10311","Janine Labrune","1996-09-20","1900-01-01","0","0","268.80"
"10312","Rita Müller","1996-09-23","1996-09-09","14","0","1614.80"
"10313","Horst Kloss","1996-09-24","1996-08-21","3","1","182.40"
"10314","Paula Wilson","1996-09-25","1996-08-30","26","0","2094.30"
"10315","Helen Bennett","1996-09-26","1900-01-01","0","0","516.80"
"10316","Paula Wilson","1996-09-27","1996-09-25","2","0","2835.00"
"10317","Fran Wilson","1996-09-30","1996-09-17","13","0","288.00"
"10318","Helen Bennett","1996-10-01","1996-09-26","5","0","240.40"
"10319","Miguel Angel Paolino","1996-10-02","1996-09-12","20","0","1191.20"
"10320","Pirkko Koskitalo","1996-10-03","1996-08-01","2","2","516.00"
"10321","Helen Bennett","1996-10-03","1996-10-01","2","0","144.00"
"10322","Guillermo Fernández","1996-10-04","1900-01-01","0","0","112.00"
"10323","Philip Cramer","1996-10-07","1900-01-01","0","0","164.40"
"10324","Jose Pavarotti","1996-10-08","1900-01-01","0","0","5275.71"
"10325","Philip Cramer","1996-10-09","1996-10-07","2","0","1497.00"
"10326","Martín Sommer","1996-10-10","1900-01-01","0","0","982.00"
"10327","Maria Larsson","1996-10-11","1996-07-24","18","2","1810.00"
"10328","Lino Rodriguez","1996-10-14","1900-01-01","0","0","1168.00"
"10329","Art Braunschweiger","1996-10-15","1996-08-01","14","2","4578.43"
"10330","Carlos González","1996-10-16","1996-09-03","13","1","1649.00"
"10331","Laurence Lebihan","1996-10-16","1900-01-01","0","0","88.50"
"10332","Jean Fresnière","1996-10-17","1900-01-01","0","0","1786.88"
"10333","Pirkko Koskitalo","1996-10-18","1996-10-03","15","0","877.20"
"10334","Mary Saveley","1996-10-21","1996-07-08","13","3","144.80"
"10335","Patricia McKenna","1996-10-22","1996-09-19","3","1","2036.16"
"10336","Isabel de Castro","1996-10-23","1900-01-01","0","0","285.12"
"10337","Peter Franken","1996-10-24","1996-07-29","26","2","2467.00"
"10338","Rene Phillips","1996-10-25","1996-09-13","12","1","934.50"
"10339","Jean Fresnière","1996-10-28","1996-10-17","11","0","3354.00"
"10340","Laurence Lebihan","1996-10-29","1996-10-16","13","0","2436.18"
"10341","Jytte Petersen","1996-10-29","1900-01-01","0","0","352.60"
"10342","Peter Franken","1996-10-30","1996-10-24","6","0","1840.64"
"10343","Renate Messner","1996-10-31","1996-08-19","12","2","1584.00"
"10344","Karl Jablonski","1996-11-01","1996-07-31","1","3","2296.00"
"10345","Horst Kloss","1996-11-04","1996-09-24","10","1","2924.80"
"10346","Paula Wilson","1996-11-05","1996-09-27","8","1","1618.88"
"10347","Aria Cruz","1996-11-06","1900-01-01","0","0","814.42"
"10348","Rita Müller","1996-11-07","1996-09-23","14","1","363.60"
"10349","Art Braunschweiger","1996-11-08","1996-10-15","24","0","141.60"
"10350","Annette Roulet","1996-11-11","1900-01-01","0","0","642.06"
"10351","Roland Mendel","1996-11-11","1996-07-23","19","3","5398.73"
"10352","Lino Rodriguez","1996-11-12","1996-10-14","29","0","136.30"
"10353","Georg Pipps","1996-11-13","1900-01-01","0","0","8593.28"
"10354","Guillermo Fernández","1996-11-14","1996-10-04","10","1","568.80"
"10355","Thomas Hardy","1996-11-15","1900-01-01","0","0","480.00"
"10356","Rita Müller","1996-11-18","1996-11-07","11","0","1106.40"
"10357","Carlos González","1996-11-19","1996-10-16","3","1","1167.68"
"10358","Annette Roulet","1996-11-20","1996-11-11","9","0","429.40"
"10359","Hari Kumar","1996-11-21","1900-01-01","0","0","3471.68"
"10360","Frédérique Citeaux","1996-11-22","1996-09-04","18","2","7390.20"
"10361","Horst Kloss","1996-11-22","1996-11-04","18","0","2046.24"
"10362","Laurence Lebihan","1996-11-25","1996-10-29","27","0","1549.60"
"10363","Sven Ottlieb","1996-11-26","1900-01-01","0","0","447.20"
"10364","Ann Devon","1996-11-26","1900-01-01","0","0","950.00"
"10365","Antonio Moreno","1996-11-27","1900-01-01","0","0","403.20"
"10366","Eduardo Saavedra","1996-11-28","1900-01-01","0","0","136.00"
"10367","Palle Ibsen","1996-11-28","1900-01-01","0","0","834.20"
"10368","Roland Mendel","1996-11-29","1996-11-11","18","0","1689.78"
"10369","Art Braunschweiger","1996-12-02","1996-11-08","24","0","2390.40"
"10370","Yang Wang","1996-12-03","1996-07-11","23","4","1117.60"
"10371","Annette Roulet","1996-12-03","1996-11-20","13","0","72.96"
"10372","Lúcia Carvalho","1996-12-04","1900-01-01","0","0","9210.90"
"10373","Patricia McKenna","1996-12-05","1996-10-22","14","1","1366.40"
"10374","Zbyszek Piestrzeniewicz","1996-12-05","1900-01-01","0","0","459.00"
"10375","Yoshi Latimer","1996-12-06","1900-01-01","0","0","338.00"
"10376","Jean Fresnière","1996-12-09","1996-10-28","12","1","399.00"
"10377","Hari Kumar","1996-12-09","1996-11-21","18","0","863.60"
"10378","Maria Larsson","1996-12-10","1996-10-11","30","1","103.20"
"10379","Bernardo Batista","1996-12-11","1996-08-27","15","3","863.28"
"10380","Patricia McKenna","1996-12-12","1996-12-05","7","0","1313.82"
"10381","Carlos González","1996-12-12","1996-11-19","23","0","112.00"
"10382","Roland Mendel","1996-12-13","1996-11-29","14","0","2900.00"
"10383","Thomas Hardy","1996-12-16","1996-11-15","1","1","899.00"
"10384","Christina Berglund","1996-12-16","1996-08-14","2","4","2222.40"
"10385","Art Braunschweiger","1996-12-17","1996-12-02","15","0","691.20"
"10386","Aria Cruz","1996-12-18","1996-11-06","12","1","166.00"
"10387","Jonas Bergulfsen","1996-12-18","1900-01-01","0","0","1058.40"
"10388","Hari Kumar","1996-12-19","1996-12-09","10","0","1228.80"
"10389","Elizabeth Lincoln","1996-12-20","1900-01-01","0","0","1832.80"
"10390","Roland Mendel","1996-12-23","1996-12-13","10","0","2090.88"
"10391","Sven Ottlieb","1996-12-23","1996-11-26","27","0","86.40"
"10392","Georg Pipps","1996-12-24","1996-11-13","11","1","1440.00"
"10393","Jose Pavarotti","1996-12-25","1996-10-08","17","2","2556.95"
"10394","Yoshi Latimer","1996-12-25","1996-12-06","19","0","442.00"
"10395","Carlos Hernández","1996-12-26","1996-07-16","10","5","2122.92"
"10396","Peter Franken","1996-12-27","1996-10-30","28","1","1903.80"
"10397","Isabel de Castro","1996-12-27","1996-10-23","4","2","716.72"
"10398","Jose Pavarotti","1996-12-30","1996-12-25","5","0","2505.60"
"10399","Palle Ibsen","1996-12-31","1996-11-28","3","1","1765.60"
"10400","Ann Devon","1997-01-01","1996-11-26","5","1","3063.00"
"10401","Paula Wilson","1997-01-01","1996-11-05","26","1","3868.60"
"10402","Roland Mendel","1997-01-02","1996-12-23","10","0","2713.50"
"10403","Roland Mendel","1997-01-03","1997-01-02","1","0","855.01"
"10404","Giovanni Rovelli","1997-01-03","1996-09-09","24","3","1591.25"
"10405","Felipe Izquierdo","1997-01-06","1900-01-01","0","0","400.00"
"10406","Lúcia Carvalho","1997-01-07","1996-12-04","3","1","1830.78"
"10407","Henriette Pfalzheim","1997-01-07","1996-07-19","19","5","1194.00"
"10408","Martine Rancé","1997-01-08","1900-01-01","0","0","1622.40"
"10409","Yvonne Moncada","1997-01-09","1900-01-01","0","0","319.20"
"10410","Elizabeth Lincoln","1997-01-10","1996-12-20","21","0","802.00"
"10411","Elizabeth Lincoln","1997-01-10","1996-12-20","21","0","966.80"
"10412","Pirkko Koskitalo","1997-01-13","1996-10-18","26","2","334.80"
"10413","Annette Roulet","1997-01-14","1996-12-03","11","1","2123.20"
"10414","Aria Cruz","1997-01-14","1996-12-18","27","0","224.83"
"10415","Yoshi Latimer","1997-01-15","1996-12-25","21","0","102.40"
"10416","Pirkko Koskitalo","1997-01-16","1997-01-13","3","0","720.00"
"10417","Jytte Petersen","1997-01-16","1996-10-29","18","2","11188.40"
"10418","Horst Kloss","1997-01-17","1996-11-22","25","1","1814.80"
"10419","Michael Holz","1997-01-20","1996-07-12","8","6","2097.60"
"10420","Paula Parente","1997-01-21","1996-07-15","6","6","1707.84"
"10421","Bernardo Batista","1997-01-21","1996-12-11","10","1","1194.27"
"10422","Paolo Accorti","1997-01-22","1900-01-01","0","0","49.80"
"10423","André Fonseca","1997-01-23","1900-01-01","0","0","1020.00"
"10424","Jean Fresnière","1997-01-23","1996-12-09","14","1","9194.56"
"10425","Annette Roulet","1997-01-24","1997-01-14","10","0","360.00"
"10426","Eduardo Saavedra","1997-01-27","1996-11-28","29","1","338.20"
"10427","Georg Pipps","1997-01-27","1996-12-24","3","1","651.00"
"10428","Maurizio Moroni","1997-01-28","1996-08-23","5","5","192.00"
"10429","Patricia McKenna","1997-01-29","1996-12-12","17","1","1441.37"
"10430","Roland Mendel","1997-01-30","1997-01-03","27","0","4899.20"
"10431","Elizabeth Lincoln","1997-01-30","1997-01-10","20","0","1892.25"
"10432","Art Braunschweiger","1997-01-31","1996-12-17","14","1","485.00"
"10433","Isabel de Castro","1997-02-03","1996-12-27","7","1","851.20"
"10434","Maria Larsson","1997-02-03","1996-12-10","24","1","321.12"
"10435","Elizabeth Brown","1997-02-04","1900-01-01","0","0","631.60"
"10436","Frédérique Citeaux","1997-02-05","1996-11-22","13","2","1994.52"
"10437","Pirkko Koskitalo","1997-02-05","1997-01-16","20","0","393.00"
"10438","Karin Josephs","1997-02-06","1996-07-05","1","7","454.00"
"10439","Jean Fresnière","1997-02-07","1997-01-23","15","0","1078.00"
"10440","Jose Pavarotti","1997-02-10","1996-12-30","11","1","4924.13"
"10441","Rene Phillips","1997-02-10","1996-10-25","16","3","1755.00"
"10442","Roland Mendel","1997-02-11","1997-01-30","12","0","1792.00"
"10443","Maurizio Moroni","1997-02-12","1997-01-28","15","0","517.44"
"10444","Christina Berglund","1997-02-12","1996-12-16","27","1","1031.70"
"10445","Christina Berglund","1997-02-13","1997-02-12","1","0","174.90"
"10446","Karin Josephs","1997-02-14","1997-02-06","8","0","246.24"
"10447","Janete Limeira","1997-02-14","1996-09-06","8","5","914.40"
"10448","Sergio Gutiérrez","1997-02-17","1900-01-01","0","0","443.40"
"10449","Frédérique Citeaux","1997-02-18","1997-02-05","13","0","1838.20"
"10450","Mary Saveley","1997-02-19","1996-10-21","29","3","425.12"
"10451","Horst Kloss","1997-02-19","1997-01-17","2","1","3849.66"
"10452","Jose Pavarotti","1997-02-20","1997-02-10","10","0","2018.50"
"10453","Thomas Hardy","1997-02-21","1996-12-16","5","2","407.70"
"10454","Annette Roulet","1997-02-21","1997-01-24","28","0","331.20"
"10455","Pirkko Koskitalo","1997-02-24","1997-02-05","19","0","2684.00"
"10456","Philip Cramer","1997-02-25","1996-10-09","16","4","557.60"
"10457","Philip Cramer","1997-02-25","1996-10-09","16","4","1584.00"
"10458","Pascale Cartrain","1997-02-26","1996-09-10","16","5","3891.00"
"10459","Mary Saveley","1997-02-27","1997-02-19","8","0","1659.20"
"10460","Maria Larsson","1997-02-28","1997-02-03","25","0","176.10"
"10461","Carlos González","1997-02-28","1996-12-12","16","2","1538.70"
"10462","Elizabeth Brown","1997-03-03","1997-02-04","27","0","156.00"
"10463","Pascale Cartrain","1997-03-04","1997-02-26","6","0","713.30"
"10464","Lino Rodriguez","1997-03-04","1996-11-12","22","3","1609.28"
"10465","Palle Ibsen","1997-03-05","1996-12-31","5","2","2518.00"
"10466","Pedro Afonso","1997-03-06","1996-08-27","10","6","216.00"
"10467","Giovanni Rovelli","1997-03-06","1997-01-03","3","2","235.20"
"10468","Philip Cramer","1997-03-07","1997-02-25","10","0","717.60"
"10469","Karl Jablonski","1997-03-10","1996-11-01","9","4","956.67"
"10470","Laurence Lebihan","1997-03-11","1996-11-25","16","3","1820.80"
"10471","Victoria Ashworth","1997-03-11","1996-08-26","16","6","1328.00"
"10472","Hari Kumar","1997-03-12","1996-12-19","24","2","1036.80"
"10473","Helen Bennett","1997-03-13","1996-10-03","10","5","230.40"
"10474","Guillermo Fernández","1997-03-13","1996-11-14","29","3","1249.10"
"10475","Pascale Cartrain","1997-03-14","1997-03-04","10","0","1505.18"
"10476","Carlos Hernández","1997-03-17","1996-12-26","22","2","180.48"
"10477","Isabel de Castro","1997-03-17","1997-02-03","14","1","558.00"
"10478","Mary Saveley","1997-03-18","1997-02-27","19","0","471.20"
"10479","Paula Wilson","1997-03-19","1997-01-01","18","2","10495.60"
"10480","Martine Rancé","1997-03-20","1997-01-08","12","2","756.00"
"10481","Janete Limeira","1997-03-20","1997-02-14","6","1","1472.00"
"10482","John Steel","1997-03-21","1900-01-01","0","0","147.00"
"10483","Karl Jablonski","1997-03-24","1997-03-10","14","0","668.80"
"10484","Victoria Ashworth","1997-03-24","1997-03-11","13","0","386.20"
"10485","Felipe Izquierdo","1997-03-25","1997-01-06","19","2","1584.00"
"10486","Carlos Hernández","1997-03-26","1997-03-17","9","0","1272.00"
"10487","Lúcia Carvalho","1997-03-26","1997-01-07","19","2","889.70"
"10488","Peter Franken","1997-03-27","1996-12-27","0","3","1512.00"
"10489","Georg Pipps","1997-03-28","1997-01-27","1","2","439.20"
"10490","Carlos Hernández","1997-03-31","1997-03-26","5","0","3163.20"
"10491","Lino Rodriguez","1997-03-31","1997-03-04","27","0","259.51"
"10492","Elizabeth Lincoln","1997-04-01","1997-01-30","2","2","851.20"
"10493","Annette Roulet","1997-04-02","1997-02-21","9","1","608.40"
"10494","Pedro Afonso","1997-04-02","1997-03-06","27","0","912.00"
"10495","Yoshi Tannamuri","1997-04-03","1900-01-01","0","0","278.00"
"10496","Anabela Domingues","1997-04-04","1996-08-28","7","7","190.00"
"10497","Renate Messner","1997-04-04","1996-10-31","4","5","1380.60"
"10498","Carlos Hernández","1997-04-07","1997-03-31","7","0","575.00"
"10499","Carlos González","1997-04-08","1997-02-28","8","1","1412.00"
"10500","Annette Roulet","1997-04-09","1997-04-02","7","0","523.26"
"10501","Hanna Moos","1997-04-09","1900-01-01","0","0","149.00"
"10502","Guillermo Fernández","1997-04-10","1997-03-13","28","0","816.30"
"10503","Patricia McKenna","1997-04-11","1997-01-29","13","2","2048.50"
"10504","Karl Jablonski","1997-04-11","1997-03-24","18","0","1388.50"
"10505","Jean Fresnière","1997-04-14","1997-02-07","7","2","147.90"
"10506","Philip Cramer","1997-04-15","1997-03-07","8","1","415.80"
"10507","Antonio Moreno","1997-04-15","1996-11-27","18","4","749.06"
"10508","Henriette Pfalzheim","1997-04-16","1997-01-07","9","3","240.00"
"10509","Hanna Moos","1997-04-17","1997-04-09","8","0","136.80"
"10510","Jose Pavarotti","1997-04-18","1997-02-20","26","1","4707.54"
"10511","Laurence Lebihan","1997-04-18","1997-03-11","7","1","2550.00"
"10512","Aria Cruz","1997-04-21","1997-01-14","7","3","525.30"
"10513","Rita Müller","1997-04-22","1996-11-18","4","5","1942.00"
"10514","Roland Mendel","1997-04-22","1997-02-11","11","2","8623.45"
"10515","Horst Kloss","1997-04-23","1997-02-19","4","2","9921.30"
"10516","Patricia McKenna","1997-04-24","1997-04-11","13","0","2381.05"
"10517","Simon Crowther","1997-04-24","1900-01-01","0","0","352.00"
"10518","Miguel Angel Paolino","1997-04-25","1996-10-02","23","6","4150.05"
"10519","Yang Wang","1997-04-28","1996-12-03","25","4","2314.20"
"10520","Jonas Bergulfsen","1997-04-29","1996-12-18","11","4","200.00"
"10521","Patricio Simpson","1997-04-29","1900-01-01","0","0","225.50"
"10522","Renate Messner","1997-04-30","1997-04-04","26","0","2318.24"
"10523","Hari Kumar","1997-05-01","1997-03-12","20","1","2444.31"
"10524","Christina Berglund","1997-05-01","1997-02-13","16","2","3192.65"
"10525","Laurence Lebihan","1997-05-02","1997-04-18","14","0","818.40"
"10526","Pirkko Koskitalo","1997-05-05","1997-02-24","9","2","1151.40"
"10527","Horst Kloss","1997-05-05","1997-04-23","12","0","1503.00"
"10528","Howard Snyder","1997-05-06","1900-01-01","0","0","392.20"
"10529","Catherine Dewey","1997-05-07","1900-01-01","0","0","946.00"
"10530","Georg Pipps","1997-05-08","1997-03-28","11","1","4180.00"
"10531","Yvonne Moncada","1997-05-08","1997-01-09","30","3","110.00"
"10532","Ann Devon","1997-05-09","1997-01-01","8","4","796.35"
"10533","Maria Larsson","1997-05-12","1997-02-28","12","2","2222.20"
"10534","Renate Messner","1997-05-12","1997-04-30","12","0","465.70"
"10535","Antonio Moreno","1997-05-13","1997-04-15","28","0","1940.85"
"10536","Renate Messner","1997-05-14","1997-05-12","2","0","1645.00"
"10537","Michael Holz","1997-05-14","1997-01-20","25","3","1823.80"
"10538","Victoria Ashworth","1997-05-15","1997-03-24","22","1","139.80"
"10539","Victoria Ashworth","1997-05-16","1997-05-15","1","0","355.50"
"10540","Horst Kloss","1997-05-19","1997-05-05","14","0","10191.70"
"10541","Mario Pontes","1997-05-19","1996-07-10","9","10","1946.52"
"10542","Philip Cramer","1997-05-20","1997-04-15","5","1","469.11"
"10543","Carlos González","1997-05-21","1997-04-08","13","1","1504.50"
"10544","Fran Wilson","1997-05-21","1996-09-30","21","7","417.20"
"10545","John Steel","1997-05-22","1997-03-21","1","2","210.00"
"10546","Mary Saveley","1997-05-23","1997-03-18","5","2","2812.00"
"10547","Hari Kumar","1997-05-23","1997-05-01","22","0","1792.80"
"10548","Karin Josephs","1997-05-26","1997-02-14","12","3","240.10"
"10549","Horst Kloss","1997-05-27","1997-05-19","8","0","3554.28"
"10550","José Pedro Freyre","1997-05-28","1996-09-11","17","8","683.30"
"10551","Lino Rodriguez","1997-05-28","1997-03-31","28","1","1677.30"
"10552","Carlos Hernández","1997-05-29","1997-04-07","22","1","880.50"
"10553","Pirkko Koskitalo","1997-05-30","1997-05-05","25","0","1546.30"
"10554","Henriette Pfalzheim","1997-05-30","1997-04-16","14","1","1728.53"
"10555","Jose Pavarotti","1997-06-02","1997-04-18","14","1","2944.40"
"10556","Jytte Petersen","1997-06-03","1997-01-16","18","4","835.20"
"10557","Renate Messner","1997-06-03","1997-05-14","20","0","1152.50"
"10558","Thomas Hardy","1997-06-04","1997-02-21","11","3","2142.90"
"10559","Frédérique Citeaux","1997-06-05","1997-02-18","15","3","520.41"
"10560","Peter Franken","1997-06-06","1997-03-27","10","2","1072.42"
"10561","Maria Larsson","1997-06-06","1997-05-12","25","0","2844.50"
"10562","Maurizio Moroni","1997-06-09","1997-02-12","25","3","488.70"
"10563","Janete Limeira","1997-06-10","1997-03-20","21","2","965.00"
"10564","Paula Wilson","1997-06-10","1997-03-19","22","2","1234.05"
"10565","Jean Fresnière","1997-06-11","1997-04-14","27","1","639.90"
"10566","Frédérique Citeaux","1997-06-12","1997-06-05","7","0","1761.00"
"10567","Patricia McKenna","1997-06-12","1997-04-24","18","1","2519.00"
"10568","Eduardo Saavedra","1997-06-13","1997-01-27","17","4","155.00"
"10569","Paula Wilson","1997-06-16","1997-06-10","6","0","890.00"
"10570","Jean Fresnière","1997-06-17","1997-06-11","6","0","2465.25"
"10571","Roland Mendel","1997-06-17","1997-04-22","25","1","550.59"
"10572","Christina Berglund","1997-06-18","1997-05-01","17","1","1501.08"
"10573","Antonio Moreno","1997-06-19","1997-05-13","6","1","2082.00"
"10574","Helvetius Nagy","1997-06-19","1900-01-01","0","0","764.30"
"10575","Alexander Feuer","1997-06-20","1996-08-09","11","10","2147.40"
"10576","Miguel Angel Paolino","1997-06-23","1997-04-25","28","1","838.45"
"10577","Helvetius Nagy","1997-06-23","1997-06-19","4","0","569.00"
"10578","Victoria Ashworth","1997-06-24","1997-05-16","8","1","477.00"
"10579","Jaime Yorres","1997-06-25","1900-01-01","0","0","317.75"
"10580","Henriette Pfalzheim","1997-06-26","1997-05-30","27","0","1013.74"
"10581","Aria Cruz","1997-06-26","1997-04-21","5","2","310.00"
"10582","Hanna Moos","1997-06-27","1997-04-17","10","2","330.00"
"10583","Pirkko Koskitalo","1997-06-30","1997-05-30","0","1","2237.50"
"10584","Frédérique Citeaux","1997-06-30","1997-06-12","18","0","593.75"
"10585","Paula Parente","1997-07-01","1997-01-21","11","5","142.50"
"10586","Maurizio Moroni","1997-07-02","1997-06-09","23","0","23.80"
"10587","Bernardo Batista","1997-07-02","1997-01-21","12","5","807.38"
"10588","Horst Kloss","1997-07-03","1997-05-27","7","1","3120.00"
"10589","Howard Snyder","1997-07-04","1997-05-06","29","1","72.00"
"10590","Jean Fresnière","1997-07-07","1997-06-17","20","0","1101.00"
"10591","Palle Ibsen","1997-07-07","1997-03-05","2","4","812.50"
"10592","Renate Messner","1997-07-08","1997-06-03","5","1","516.47"
"10593","Renate Messner","1997-07-09","1997-07-08","1","0","1994.40"
"10594","Rene Phillips","1997-07-09","1997-02-10","27","4","565.50"
"10595","Roland Mendel","1997-07-10","1997-06-17","23","0","4725.00"
"10596","Karl Jablonski","1997-07-11","1997-04-11","0","3","1180.88"
"10597","Georg Pipps","1997-07-11","1997-05-08","3","2","718.08"
"10598","Paula Wilson","1997-07-14","1997-06-16","28","0","2388.50"
"10599","Victoria Ashworth","1997-07-15","1997-06-24","21","0","493.00"
"10600","Yoshi Latimer","1997-07-16","1997-01-15","1","6","479.80"
"10601","Carlos Hernández","1997-07-16","1997-05-29","18","1","2285.00"
"10602","Palle Ibsen","1997-07-17","1997-07-07","10","0","48.75"
"10603","Jose Pavarotti","1997-07-18","1997-06-02","16","1","1483.00"
"10604","Lino Rodriguez","1997-07-18","1997-05-28","21","1","230.85"
"10605","Jean Fresnière","1997-07-21","1997-07-07","14","0","4109.70"
"10606","Anabela Domingues","1997-07-22","1997-04-04","18","3","1130.40"
"10607","Jose Pavarotti","1997-07-22","1997-07-18","4","0","6475.40"
"10608","Karin Josephs","1997-07-23","1997-05-26","28","1","1064.00"
"10609","Janine Labrune","1997-07-24","1996-09-20","4","10","424.00"
"10610","Annette Roulet","1997-07-25","1997-04-09","16","3","299.25"
"10611","Zbyszek Piestrzeniewicz","1997-07-25","1996-12-05","20","7","808.00"
"10612","Jose Pavarotti","1997-07-28","1997-07-22","6","0","6375.00"
"10613","Carlos Hernández","1997-07-29","1997-07-16","13","0","353.20"
"10614","Hanna Moos","1997-07-29","1997-06-27","2","1","464.00"
"10615","Matti Karttunen","1997-07-30","1900-01-01","0","0","120.00"
"10616","Howard Snyder","1997-07-31","1997-07-04","27","0","4806.99"
"10617","Howard Snyder","1997-07-31","1997-07-04","27","0","1402.50"
"10618","Jean Fresnière","1997-08-01","1997-07-21","11","0","2697.50"
"10619","Jean Fresnière","1997-08-04","1997-08-01","3","0","1260.00"
"10620","Yoshi Tannamuri","1997-08-05","1997-04-03","2","4","57.50"
"10621","Helen Bennett","1997-08-05","1997-03-13","23","4","758.50"
"10622","Janete Limeira","1997-08-06","1997-06-10","26","1","560.00"
"10623","Peter Franken","1997-08-07","1997-06-06","1","2","1336.95"
"10624","Liu Wong","1997-08-07","1900-01-01","0","0","1393.24"
"10625","Ana Trujillo","1997-08-08","1996-09-18","20","10","479.75"
"10626","Christina Berglund","1997-08-11","1997-06-18","23","1","1503.60"
"10627","Jose Pavarotti","1997-08-11","1997-07-28","14","0","1185.75"
"10628","Frédérique Citeaux","1997-08-12","1997-06-30","12","1","450.00"
"10629","José Pedro Freyre","1997-08-12","1997-05-28","15","2","2775.05"
"10630","Philip Cramer","1997-08-13","1997-05-20","24","2","903.60"
"10631","Annette Roulet","1997-08-14","1997-07-25","20","0","55.80"
"10632","Rita Müller","1997-08-14","1997-04-22","22","3","589.00"
"10633","Roland Mendel","1997-08-15","1997-07-10","5","1","5510.59"
"10634","Martine Rancé","1997-08-15","1997-03-20","26","4","4985.50"
"10635","Giovanni Rovelli","1997-08-18","1997-03-06","12","5","1326.23"
"10636","Pirkko Koskitalo","1997-08-19","1997-06-30","19","1","629.50"
"10637","Lúcia Carvalho","1997-08-19","1997-03-26","24","4","2761.94"
"10638","Felipe Izquierdo","1997-08-20","1997-03-25","26","4","2720.05"
"10639","Jonas Bergulfsen","1997-08-20","1997-04-29","21","3","500.00"
"10640","Rita Müller","1997-08-21","1997-08-14","7","0","708.75"
"10641","Carlos Hernández","1997-08-22","1997-07-29","24","0","2054.00"
"10642","Jytte Petersen","1997-08-22","1997-06-03","19","2","696.00"
"10643","Maria Anders","1997-08-25","1900-01-01","0","0","814.50"
"10644","Paula Parente","1997-08-25","1997-07-01","24","1","1371.80"
"10645","Mario Pontes","1997-08-26","1997-05-19","7","3","1535.00"
"10646","Patricia McKenna","1997-08-27","1997-06-12","15","2","1446.00"
"10647","Bernardo Batista","1997-08-27","1997-07-02","25","1","636.00"
"10648","Janete Limeira","1997-08-28","1997-08-06","22","0","372.38"
"10649","Catherine Dewey","1997-08-28","1997-05-07","21","3","1434.00"
"10650","Aria Cruz","1997-08-29","1997-06-26","3","2","1779.20"
"10651","Rita Müller","1997-09-01","1997-08-21","11","0","397.80"
"10652","André Fonseca","1997-09-01","1997-01-23","9","7","318.83"
"10653","Peter Franken","1997-09-02","1997-08-07","26","0","1083.15"
"10654","Christina Berglund","1997-09-02","1997-08-11","22","0","601.83"
"10655","Maurizio Moroni","1997-09-03","1997-07-02","1","2","154.40"
"10656","Howard Snyder","1997-09-04","1997-07-31","4","1","604.21"
"10657","Jose Pavarotti","1997-09-04","1997-08-11","24","0","4371.60"
"10658","Horst Kloss","1997-09-05","1997-07-03","2","2","4464.60"
"10659","Lúcia Carvalho","1997-09-05","1997-08-19","17","0","1227.02"
"10660","Yoshi Latimer","1997-09-08","1997-07-16","23","1","1701.00"
"10661","Patricia McKenna","1997-09-09","1997-08-27","13","0","562.60"
"10662","Fran Wilson","1997-09-09","1997-05-21","19","3","125.00"
"10663","Laurence Lebihan","1997-09-10","1997-05-02","8","4","1930.40"
"10664","Lino Rodriguez","1997-09-10","1997-07-18","23","1","1288.39"
"10665","Fran Wilson","1997-09-11","1997-09-09","2","0","1295.00"
"10666","Michael Holz","1997-09-12","1997-05-14","29","3","4666.94"
"10667","Roland Mendel","1997-09-12","1997-08-15","28","0","1536.80"
"10668","Rita Müller","1997-09-15","1997-09-01","14","0","625.27"
"10669","Jytte Petersen","1997-09-15","1997-08-22","24","0","570.00"
"10670","Peter Franken","1997-09-16","1997-09-02","14","0","2301.75"
"10671","Carine Schmitt","1997-09-17","1900-01-01","0","0","920.10"
"10672","Christina Berglund","1997-09-17","1997-09-02","15","0","3815.25"
"10673","Matti Karttunen","1997-09-18","1997-07-30","19","1","412.35"
"10674","Helen Bennett","1997-09-18","1997-08-05","13","1","45.00"
"10675","Peter Franken","1997-09-19","1997-09-16","3","0","1423.00"
"10676","Miguel Angel Paolino","1997-09-22","1997-06-23","29","2","534.85"
"10677","Antonio Moreno","1997-09-22","1997-06-19","3","3","813.36"
"10678","Jose Pavarotti","1997-09-23","1997-09-04","19","0","5256.50"
"10679","Frédérique Citeaux","1997-09-23","1997-08-12","11","1","660.00"
"10680","Rene Phillips","1997-09-24","1997-07-09","15","2","1261.88"
"10681","Howard Snyder","1997-09-25","1997-09-04","21","0","1287.40"
"10682","Antonio Moreno","1997-09-25","1997-09-22","3","0","375.50"
"10683","Janine Labrune","1997-09-26","1997-07-24","2","2","63.00"
"10684","Henriette Pfalzheim","1997-09-26","1997-06-26","0","3","1768.00"
"10685","André Fonseca","1997-09-29","1997-09-01","28","0","801.10"
"10686","Georg Pipps","1997-09-30","1997-07-11","19","2","1404.45"
"10687","Patricia McKenna","1997-09-30","1997-09-09","21","0","4960.90"
"10688","Palle Ibsen","1997-10-01","1997-07-17","15","2","3160.60"
"10689","Christina Berglund","1997-10-01","1997-09-17","14","0","472.50"
"10690","Mario Pontes","1997-10-02","1997-08-26","7","1","862.50"
"10691","Horst Kloss","1997-10-03","1997-09-05","28","0","10164.80"
"10692","Maria Anders","1997-10-03","1997-08-25","9","1","878.00"
"10693","Karl Jablonski","1997-10-06","1997-07-11","26","2","2071.20"
"10694","Horst Kloss","1997-10-06","1997-10-03","3","0","4825.00"
"10695","Matti Karttunen","1997-10-07","1997-09-18","19","0","642.00"
"10696","Karl Jablonski","1997-10-08","1997-10-06","2","0","996.00"
"10697","Felipe Izquierdo","1997-10-08","1997-08-20","19","1","805.43"
"10698","Roland Mendel","1997-10-09","1997-09-12","27","0","3436.45"
"10699","Alexander Feuer","1997-10-09","1997-06-20","19","3","114.00"
"10700","Jose Pavarotti","1997-10-10","1997-09-23","17","0","1638.40"
"10701","Patricia McKenna","1997-10-13","1997-09-30","13","0","2864.50"
"10702","Maria Anders","1997-10-13","1997-10-03","10","0","330.00"
"10703","Maria Larsson","1997-10-14","1997-06-06","8","4","2545.00"
"10704","Lúcia Carvalho","1997-10-14","1997-09-05","9","1","595.50"
"10705","Carlos Hernández","1997-10-15","1997-08-22","24","1","378.00"
"10706","Rene Phillips","1997-10-16","1997-09-24","22","0","1893.00"
"10707","Thomas Hardy","1997-10-16","1997-06-04","12","4","1641.00"
"10708","Liz Nixon","1997-10-17","1996-09-20","27","12","180.40"
"10709","André Fonseca","1997-10-17","1997-09-29","18","0","3424.00"
"10710","Paolo Accorti","1997-10-20","1997-01-22","29","8","93.50"
"10711","Jose Pavarotti","1997-10-21","1997-10-10","11","0","4451.70"
"10712","Patricia McKenna","1997-10-21","1997-10-13","8","0","1233.48"
"10713","Jose Pavarotti","1997-10-22","1997-10-21","1","0","2827.90"
"10714","Jose Pavarotti","1997-10-22","1997-10-21","1","0","2205.75"
"10715","Laurence Lebihan","1997-10-23","1997-09-10","13","1","1296.00"
"10716","Sergio Gutiérrez","1997-10-24","1997-02-17","7","8","706.00"
"10717","Peter Franken","1997-10-24","1997-09-19","5","1","1270.75"
"10718","Philip Cramer","1997-10-27","1997-08-13","14","2","3463.00"
"10719","Jaime Yorres","1997-10-27","1997-06-25","2","4","844.25"
"10720","Bernardo Batista","1997-10-28","1997-08-27","1","2","550.00"
"10721","Horst Kloss","1997-10-29","1997-10-06","23","0","923.88"
"10722","Jose Pavarotti","1997-10-29","1997-10-22","7","0","1570.00"
"10723","Karl Jablonski","1997-10-30","1997-10-08","22","0","468.45"
"10724","Jean Fresnière","1997-10-30","1997-08-04","26","2","638.50"
"10725","Aria Cruz","1997-10-31","1997-08-29","2","2","287.80"
"10726","Ann Devon","1997-11-03","1997-05-09","25","5","655.00"
"10727","Maurizio Moroni","1997-11-03","1997-09-03","0","2","1624.50"
"10728","Lúcia Carvalho","1997-11-04","1997-10-14","21","0","1296.75"
"10729","Felipe Izquierdo","1997-11-04","1997-10-08","27","0","1850.00"
"10730","Laurence Lebihan","1997-11-05","1997-10-23","13","0","484.26"
"10731","Yang Wang","1997-11-06","1997-04-28","8","6","1890.50"
"10732","Laurence Lebihan","1997-11-06","1997-11-05","1","0","360.00"
"10733","Christina Berglund","1997-11-07","1997-10-01","6","1","1459.00"
"10734","André Fonseca","1997-11-07","1997-10-17","21","0","1498.35"
"10735","Jaime Yorres","1997-11-10","1997-10-27","14","0","536.40"
"10736","Patricia McKenna","1997-11-11","1997-10-21","21","0","997.00"
"10737","Paul Henriot","1997-11-11","1996-09-02","9","14","139.80"
"10738","Dominique Perrier","1997-11-12","1900-01-01","0","0","52.35"
"10739","Paul Henriot","1997-11-12","1997-11-11","1","0","240.00"
"10740","Karl Jablonski","1997-11-13","1997-10-30","14","0","1416.00"
"10741","Thomas Hardy","1997-11-14","1997-10-16","29","0","228.00"
"10742","Elizabeth Lincoln","1997-11-14","1997-04-01","13","7","3118.00"
"10743","Thomas Hardy","1997-11-17","1997-11-14","3","0","319.20"
"10744","Palle Ibsen","1997-11-17","1997-10-01","16","1","736.00"
"10745","Horst Kloss","1997-11-18","1997-10-29","20","0","4529.80"
"10746","Yang Wang","1997-11-19","1997-11-06","13","0","2311.70"
"10747","Georg Pipps","1997-11-19","1997-09-30","19","1","1912.85"
"10748","Jose Pavarotti","1997-11-20","1997-10-29","22","0","2196.00"
"10749","Helen Bennett","1997-11-20","1997-09-18","2","2","1080.00"
"10750","Pirkko Koskitalo","1997-11-21","1997-08-19","2","3","1590.56"
"10751","Michael Holz","1997-11-24","1997-09-12","12","2","1631.48"
"10752","Simon Crowther","1997-11-24","1997-04-24","0","7","252.00"
"10753","Paolo Accorti","1997-11-25","1997-10-20","5","1","88.00"
"10754","Giovanni Rovelli","1997-11-25","1997-08-18","7","3","55.20"
"10755","Laurence Lebihan","1997-11-26","1997-11-06","20","0","1948.50"
"10756","Art Braunschweiger","1997-11-27","1997-01-31","27","9","1990.00"
"10757","Jose Pavarotti","1997-11-27","1997-11-20","7","0","3082.00"
"10758","Michael Holz","1997-11-28","1997-11-24","4","0","1644.60"
"10759","Ana Trujillo","1997-11-28","1997-08-08","20","3","320.00"
"10760","Catherine Dewey","1997-12-01","1997-08-28","4","3","2917.00"
"10761","Paula Wilson","1997-12-02","1997-07-14","19","4","507.00"
"10762","Maria Larsson","1997-12-02","1997-10-14","19","1","4337.00"
"10763","Martine Rancé","1997-12-03","1997-08-15","19","3","616.00"
"10764","Roland Mendel","1997-12-03","1997-10-09","25","1","2286.00"
"10765","Horst Kloss","1997-12-04","1997-11-18","16","0","1515.60"
"10766","Henriette Pfalzheim","1997-12-05","1997-09-26","9","2","2310.00"
"10767","Pascale Cartrain","1997-12-05","1997-03-14","22","8","28.00"
"10768","Thomas Hardy","1997-12-08","1997-11-17","21","0","1477.00"
"10769","Palle Ibsen","1997-12-08","1997-11-17","21","0","1684.27"
"10770","Mario Pontes","1997-12-09","1997-10-02","7","2","236.25"
"10771","Roland Mendel","1997-12-10","1997-12-03","7","0","344.00"
"10772","Renate Messner","1997-12-10","1997-07-09","1","5","3603.22"
"10773","Roland Mendel","1997-12-11","1997-12-10","1","0","2030.40"
"10774","Maria Larsson","1997-12-11","1997-12-02","9","0","868.75"
"10775","Liu Wong","1997-12-12","1997-08-07","5","4","228.00"
"10776","Roland Mendel","1997-12-15","1997-12-11","4","0","6635.27"
"10777","André Fonseca","1997-12-15","1997-11-07","8","1","224.00"
"10778","Christina Berglund","1997-12-16","1997-11-07","9","1","96.50"
"10779","Alexander Feuer","1997-12-16","1997-10-09","7","2","1335.00"
"10780","Carlos González","1997-12-16","1997-05-21","26","6","720.00"
"10781","Pirkko Koskitalo","1997-12-17","1997-11-21","26","0","975.88"
"10782","Patricio Simpson","1997-12-17","1997-04-29","18","7","12.50"
"10783","Mario Pontes","1997-12-18","1997-12-09","9","0","1442.50"
"10784","Giovanni Rovelli","1997-12-18","1997-11-25","23","0","1488.00"
"10785","Manuel Pereira","1997-12-18","1996-07-30","19","16","387.50"
"10786","Lúcia Carvalho","1997-12-19","1997-11-04","15","1","1531.08"
"10787","Annette Roulet","1997-12-19","1997-08-14","5","4","2622.76"
"10788","Horst Kloss","1997-12-22","1997-12-04","18","0","731.50"
"10789","Martine Rancé","1997-12-22","1997-12-03","19","0","3687.00"
"10790","André Fonseca","1997-12-22","1997-12-15","7","0","722.50"
"10791","Peter Franken","1997-12-23","1997-10-24","30","1","1829.76"
"10792","Zbyszek Piestrzeniewicz","1997-12-23","1997-07-25","29","4","399.85"
"10793","Thomas Hardy","1997-12-24","1997-12-08","16","0","191.10"
"10794","Bernardo Batista","1997-12-24","1997-10-28","27","1","314.76"
"10795","Roland Mendel","1997-12-24","1997-12-15","9","0","2158.00"
"10796","Carlos Hernández","1997-12-25","1997-10-15","10","2","2341.36"
"10797","Sven Ottlieb","1997-12-25","1996-12-23","2","12","420.00"
"10798","Helen Bennett","1997-12-26","1997-11-20","6","1","446.60"
"10799","Philip Cramer","1997-12-26","1997-10-27","30","1","1553.50"
"10800","Hari Kumar","1997-12-26","1997-05-23","3","7","1468.93"
"10801","Martín Sommer","1997-12-29","1996-10-10","19","14","3026.85"
"10802","Jytte Petersen","1997-12-29","1997-09-15","14","3","2942.81"
"10803","Paula Parente","1997-12-30","1997-08-25","5","4","1193.01"
"10804","Hari Kumar","1997-12-30","1997-12-26","4","0","2278.40"
"10805","Liz Nixon","1997-12-30","1997-10-17","13","2","2775.00"
"10806","Mary Saveley","1997-12-31","1997-05-23","8","7","439.60"
"10807","Paolo Accorti","1997-12-31","1997-11-25","6","1","18.40"
"10808","Rene Phillips","1998-01-01","1997-10-16","16","2","1411.00"
"10809","Paula Parente","1998-01-01","1997-12-30","2","0","140.00"
"10810","Yoshi Tannamuri","1998-01-01","1997-08-05","27","4","187.00"
"10811","Felipe Izquierdo","1998-01-02","1997-11-04","28","1","852.00"
"10812","Maurizio Moroni","1998-01-02","1997-11-03","29","1","1692.80"
"10813","Janete Limeira","1998-01-05","1997-08-28","8","4","602.40"
"10814","Mary Saveley","1998-01-05","1997-12-31","5","0","1788.45"
"10815","Jose Pavarotti","1998-01-05","1997-11-27","8","1","40.00"
"10816","Howard Snyder","1998-01-06","1997-09-25","11","3","8446.45"
"10817","Philip Cramer","1998-01-06","1997-12-26","11","0","10952.84"
"10818","Giovanni Rovelli","1998-01-07","1997-12-18","20","0","833.00"
"10819","Patricio Simpson","1998-01-07","1997-12-17","21","0","477.00"
"10820","Paula Wilson","1998-01-07","1997-12-02","5","1","1140.00"
"10821","Art Braunschweiger","1998-01-08","1997-11-27","11","1","678.00"
"10822","Helvetius Nagy","1998-01-08","1997-06-23","15","6","237.90"
"10823","Carlos González","1998-01-09","1997-12-16","24","0","2826.00"
"10824","Maria Larsson","1998-01-09","1997-12-11","29","0","250.80"
"10825","Sven Ottlieb","1998-01-09","1997-12-25","15","0","1030.76"
"10826","Frédérique Citeaux","1998-01-12","1997-09-23","19","3","730.00"
"10827","Laurence Lebihan","1998-01-12","1997-11-26","16","1","843.00"
"10828","Sergio Gutiérrez","1998-01-13","1997-10-24","20","2","932.00"
"10829","Helen Bennett","1998-01-13","1997-12-26","18","0","1764.00"
"10830","Anabela Domingues","1998-01-13","1997-07-22","22","5","1974.00"
"10831","Jonas Bergulfsen","1998-01-14","1997-08-20","25","4","2684.40"
"10832","Annette Roulet","1998-01-14","1997-12-19","26","0","475.11"
"10833","Henriette Pfalzheim","1998-01-15","1997-12-05","10","1","906.93"
"10834","Anabela Domingues","1998-01-15","1998-01-13","2","0","1432.71"
"10835","Maria Anders","1998-01-15","1997-10-13","2","3","845.80"
"10836","Roland Mendel","1998-01-16","1997-12-24","23","0","4705.50"
"10837","Christina Berglund","1998-01-16","1997-12-16","0","1","1064.50"
"10838","Felipe Izquierdo","1998-01-19","1998-01-02","17","0","1938.38"
"10839","Anabela Domingues","1998-01-19","1998-01-15","4","0","827.55"
"10840","Felipe Izquierdo","1998-01-19","1998-01-02","17","0","211.20"
"10841","Pascale Cartrain","1998-01-20","1997-12-05","15","1","4581.00"
"10842","Miguel Angel Paolino","1998-01-20","1997-09-22","28","3","975.00"
"10843","Mary Saveley","1998-01-21","1998-01-05","16","0","159.00"
"10844","Georg Pipps","1998-01-21","1997-11-19","2","2","735.00"
"10845","Horst Kloss","1998-01-21","1997-12-22","30","0","3812.70"
"10846","Pascale Cartrain","1998-01-22","1998-01-20","2","0","1112.00"
"10847","Jose Pavarotti","1998-01-22","1998-01-05","17","0","4931.92"
"10848","Elizabeth Brown","1998-01-23","1997-03-03","20","10","931.50"
"10849","Philip Cramer","1998-01-23","1998-01-06","17","0","967.82"
"10850","Mary Saveley","1998-01-23","1998-01-21","2","0","629.00"
"10851","Janete Limeira","1998-01-26","1998-01-05","21","0","2603.00"
"10852","Paula Wilson","1998-01-26","1998-01-07","19","0","2984.00"
"10853","Hanna Moos","1998-01-27","1997-07-29","29","5","625.00"
"10854","Roland Mendel","1998-01-27","1998-01-16","11","0","2966.50"
"10855","Rene Phillips","1998-01-27","1998-01-01","26","0","2227.89"
"10856","Antonio Moreno","1998-01-28","1997-09-25","3","4","660.00"
"10857","Christina Berglund","1998-01-28","1998-01-16","12","0","2048.21"
"10858","Daniel Tonini","1998-01-29","1900-01-01","0","0","649.00"
"10859","Peter Franken","1998-01-29","1997-12-23","6","1","1078.69"
"10860","Carine Schmitt","1998-01-29","1997-09-17","12","4","519.00"
"10861","Karl Jablonski","1998-01-30","1997-11-13","17","2","3523.40"
"10862","Renate Messner","1998-01-30","1997-12-10","20","1","581.00"
"10863","Carlos Hernández","1998-02-02","1997-12-25","8","1","441.15"
"10864","Thomas Hardy","1998-02-02","1997-12-24","9","1","282.00"
"10865","Horst Kloss","1998-02-02","1998-01-21","12","0","16387.50"
"10866","Christina Berglund","1998-02-03","1998-01-28","6","0","1096.20"
"10867","Fran Wilson","1998-02-03","1997-09-11","22","4","98.40"
"10868","Lúcia Carvalho","1998-02-04","1997-12-19","16","1","1920.60"
"10869","Hari Kumar","1998-02-04","1997-12-30","5","1","1630.00"
"10870","Zbyszek Piestrzeniewicz","1998-02-04","1997-12-23","12","1","160.00"
"10871","Laurence Lebihan","1998-02-05","1998-01-12","24","0","1979.23"
"10872","José Pedro Freyre","1998-02-05","1997-08-12","24","5","2058.46"
"10873","Matti Karttunen","1998-02-06","1997-10-07","30","3","336.80"
"10874","José Pedro Freyre","1998-02-06","1998-02-05","1","0","310.00"
"10875","Christina Berglund","1998-02-06","1998-02-03","3","0","709.55"
"10876","Laurence Lebihan","1998-02-09","1998-02-05","4","0","917.00"
"10877","Janete Limeira","1998-02-09","1998-01-26","14","0","1955.13"
"10878","Horst Kloss","1998-02-10","1998-02-02","8","0","1539.00"
"10879","Matti Karttunen","1998-02-10","1998-02-06","4","0","611.30"
"10880","Maria Larsson","1998-02-10","1998-01-09","1","1","1500.00"
"10881","Patricio Simpson","1998-02-11","1998-01-07","4","1","150.00"
"10882","Jose Pavarotti","1998-02-11","1998-01-22","20","0","892.64"
"10883","Fran Wilson","1998-02-12","1998-02-03","9","0","36.00"
"10884","Jaime Yorres","1998-02-12","1997-11-10","2","3","1378.07"
"10885","Pascale Cartrain","1998-02-12","1998-01-22","21","0","1209.00"
"10886","Mario Pontes","1998-02-13","1997-12-18","26","1","3127.50"
"10887","Eduardo Saavedra","1998-02-13","1997-06-13","0","8","70.00"
"10888","José Pedro Freyre","1998-02-16","1998-02-06","10","0","605.00"
"10889","Paula Wilson","1998-02-16","1998-01-26","21","0","11380.00"
"10890","Janine Labrune","1998-02-16","1997-09-26","20","4","860.10"
"10891","Renate Messner","1998-02-17","1998-01-30","18","0","368.93"
"10892","Catherine Dewey","1998-02-17","1997-12-01","16","2","2090.00"
"10893","Philip Cramer","1998-02-18","1998-01-23","26","0","5502.11"
"10894","Jose Pavarotti","1998-02-18","1998-02-11","7","0","2753.10"
"10895","Roland Mendel","1998-02-18","1998-01-27","22","0","6379.40"
"10896","Catherine Dewey","1998-02-19","1998-02-17","2","0","750.50"
"10897","Patricia McKenna","1998-02-19","1997-11-11","8","3","10835.24"
"10898","Yvonne Moncada","1998-02-20","1997-05-08","12","9","30.00"
"10899","Carlos González","1998-02-20","1998-01-09","11","1","122.40"
"10900","Paula Parente","1998-02-20","1998-01-01","19","1","33.75"
"10901","Carlos Hernández","1998-02-23","1998-02-02","21","0","934.50"
"10902","Maria Larsson","1998-02-23","1998-02-10","13","0","863.43"
"10903","Mario Pontes","1998-02-24","1998-02-13","11","0","932.05"
"10904","Karl Jablonski","1998-02-24","1998-01-30","25","0","1924.25"
"10905","Paula Parente","1998-02-24","1998-02-20","4","0","342.00"
"10906","Zbyszek Piestrzeniewicz","1998-02-25","1998-02-04","21","0","427.50"
"10907","Dominique Perrier","1998-02-25","1997-11-12","13","3","108.50"
"10908","Maurizio Moroni","1998-02-26","1998-01-02","24","1","663.10"
"10909","Jonas Bergulfsen","1998-02-26","1998-01-14","12","1","670.00"
"10910","Matti Karttunen","1998-02-26","1998-02-10","16","0","452.90"
"10911","José Pedro Freyre","1998-02-26","1998-02-16","10","0","858.00"
"10912","Patricia McKenna","1998-02-26","1998-02-19","7","0","6200.55"
"10913","Lúcia Carvalho","1998-02-26","1998-02-04","22","0","768.75"
"10914","Lúcia Carvalho","1998-02-27","1998-02-26","1","0","537.50"
"10915","Miguel Angel Paolino","1998-02-27","1998-01-20","7","1","539.50"
"10916","Sergio Gutiérrez","1998-02-27","1998-01-13","14","1","686.70"
"10917","Alejandra Camino","1998-03-02","1996-09-16","16","17","365.89"
"10918","Elizabeth Lincoln","1998-03-02","1997-11-14","18","3","1447.50"
"10919","Felipe Izquierdo","1998-03-02","1998-01-19","14","1","1122.80"
"10920","Thomas Hardy","1998-03-03","1998-02-02","1","1","390.00"
"10921","Palle Ibsen","1998-03-03","1997-12-08","26","2","1936.00"
"10922","Mario Pontes","1998-03-03","1998-02-24","7","0","742.50"
"10923","Annette Roulet","1998-03-03","1998-01-14","20","1","748.80"
"10924","Christina Berglund","1998-03-04","1998-02-06","26","0","1835.70"
"10925","Mario Pontes","1998-03-04","1998-03-03","1","0","475.15"
"10926","Ana Trujillo","1998-03-04","1997-11-28","6","3","514.40"
"10927","Daniel Tonini","1998-03-05","1998-01-29","7","1","800.00"
"10928","Eduardo Saavedra","1998-03-05","1998-02-13","20","0","137.50"
"10929","Peter Franken","1998-03-05","1998-01-29","7","1","1174.75"
"10930","Pascale Cartrain","1998-03-06","1998-02-12","22","0","2255.50"
"10931","Michael Holz","1998-03-06","1997-11-28","8","3","799.20"
"10932","Laurence Lebihan","1998-03-06","1998-02-09","25","0","1788.63"
"10933","Helen Bennett","1998-03-06","1998-01-13","24","1","920.60"
"10934","Renate Messner","1998-03-09","1998-02-17","20","0","500.00"
"10935","Paula Parente","1998-03-09","1998-02-24","13","0","619.50"
"10936","Howard Snyder","1998-03-09","1998-01-06","3","2","456.00"
"10937","Patricio Simpson","1998-03-10","1998-02-11","27","0","644.80"
"10938","Horst Kloss","1998-03-10","1998-02-10","0","1","2731.88"
"10939","Giovanni Rovelli","1998-03-10","1998-01-07","3","2","637.50"
"10940","Laurence Lebihan","1998-03-11","1998-03-06","5","0","360.00"
"10941","Jose Pavarotti","1998-03-11","1998-02-18","21","0","4011.75"
"10942","Maurizio Moroni","1998-03-11","1998-02-26","13","0","560.00"
"10943","Victoria Ashworth","1998-03-11","1997-07-15","27","7","711.00"
"10944","Elizabeth Lincoln","1998-03-12","1998-03-02","10","0","1025.33"
"10945","Alexander Feuer","1998-03-12","1997-12-16","27","2","245.00"
"10946","Palle Ibsen","1998-03-12","1998-03-03","9","0","1407.50"
"10947","Victoria Ashworth","1998-03-13","1998-03-11","2","0","220.00"
"10948","José Pedro Freyre","1998-03-13","1998-02-26","15","0","2362.25"
"10949","Elizabeth Lincoln","1998-03-13","1998-03-12","1","0","4422.00"
"10950","Giovanni Rovelli","1998-03-16","1998-03-10","6","0","110.00"
"10951","Michael Holz","1998-03-16","1998-03-06","10","0","458.76"
"10952","Maria Anders","1998-03-16","1998-01-15","1","2","471.20"
"10953","Thomas Hardy","1998-03-16","1998-03-03","13","0","4441.25"
"10954","Felipe Izquierdo","1998-03-17","1998-03-02","15","0","1659.54"
"10955","Maria Larsson","1998-03-17","1998-02-23","22","0","74.40"
"10956","Hanna Moos","1998-03-17","1998-01-27","21","1","677.00"
"10957","Carlos Hernández","1998-03-18","1998-02-23","23","0","1762.70"
"10958","Yvonne Moncada","1998-03-18","1998-02-20","26","0","781.00"
"10959","André Fonseca","1998-03-18","1997-12-22","27","2","131.75"
"10960","Carlos Hernández","1998-03-19","1998-03-18","1","0","265.35"
"10961","Lúcia Carvalho","1998-03-19","1998-02-27","20","0","1119.90"
"10962","Horst Kloss","1998-03-19","1998-03-10","9","0","3584.00"
"10963","Lino Rodriguez","1998-03-19","1997-09-10","9","6","57.80"
"10964","Dominique Perrier","1998-03-20","1998-02-25","23","0","2052.50"
"10965","Rene Phillips","1998-03-20","1998-01-27","24","1","848.00"
"10966","Yang Wang","1998-03-20","1997-11-19","1","4","1098.46"
"10967","Karin Josephs","1998-03-23","1997-07-23","0","8","910.40"
"10968","Roland Mendel","1998-03-23","1998-02-18","5","1","1408.00"
"10969","Pedro Afonso","1998-03-23","1997-04-02","21","11","108.00"
"10970","Martín Sommer","1998-03-24","1997-12-29","26","2","224.00"
"10971","Carine Schmitt","1998-03-24","1998-01-29","26","1","1733.06"
"10972","Daniel Tonini","1998-03-24","1998-03-05","19","0","251.50"
"10973","Daniel Tonini","1998-03-24","1998-03-05","19","0","291.55"
"10974","Art Braunschweiger","1998-03-25","1998-01-08","17","2","439.00"
"10975","Elizabeth Lincoln","1998-03-25","1998-03-13","12","0","717.50"
"10976","Carlos Hernández","1998-03-25","1998-03-19","6","0","912.00"
"10977","Maria Larsson","1998-03-26","1998-03-17","9","0","2233.00"
"10978","Catherine Dewey","1998-03-26","1998-02-19","7","1","1303.20"
"10979","Roland Mendel","1998-03-26","1998-03-23","3","0","4813.50"
"10980","Maria Larsson","1998-03-27","1998-03-26","1","0","248.00"
"10981","Mario Pontes","1998-03-27","1998-03-04","23","0","15810.00"
"10982","Elizabeth Lincoln","1998-03-27","1998-03-25","2","0","1014.00"
"10983","Jose Pavarotti","1998-03-27","1998-03-11","16","0","720.90"
"10984","Jose Pavarotti","1998-03-30","1998-03-27","3","0","1809.75"
"10985","Patricia McKenna","1998-03-30","1998-02-26","4","1","2023.38"
"10986","Yvonne Moncada","1998-03-30","1998-03-18","12","0","2220.00"
"10987","Ann Devon","1998-03-31","1997-11-03","28","4","2772.00"
"10988","Paula Wilson","1998-03-31","1998-02-16","15","1","3574.80"
"10989","Bernardo Batista","1998-03-31","1997-12-24","7","3","1353.60"
"10990","Roland Mendel","1998-04-01","1998-03-26","6","0","4288.85"
"10991","Horst Kloss","1998-04-01","1998-03-19","13","0","2296.00"
"10992","Liz Nixon","1998-04-01","1997-12-30","2","3","69.60"
"10993","Maria Larsson","1998-04-01","1998-03-27","5","0","4895.43"
"10994","Palle Ibsen","1998-04-02","1998-03-12","21","0","940.50"
"10995","Guillermo Fernández","1998-04-02","1997-04-10","22","11","1196.00"
"10996","Horst Kloss","1998-04-02","1998-04-01","1","0","560.00"
"10997","Carlos González","1998-04-03","1998-02-20","11","1","1885.00"
"10998","Zbyszek Piestrzeniewicz","1998-04-03","1998-02-25","6","1","686.00"
"10999","Henriette Pfalzheim","1998-04-03","1998-01-15","19","2","1197.95"
"11000","Paula Wilson","1998-04-06","1998-03-31","6","0","903.75"
"11001","Maria Larsson","1998-04-06","1998-04-01","5","0","2769.00"
"11002","Jose Pavarotti","1998-04-06","1998-03-30","7","0","1811.10"
"11003","Liu Wong","1998-04-06","1997-12-12","25","3","326.00"
"11004","Catherine Dewey","1998-04-07","1998-03-26","12","0","295.38"
"11005","Matti Karttunen","1998-04-07","1998-02-26","9","1","586.00"
"11006","Howard Snyder","1998-04-07","1998-03-09","29","0","329.68"
"11007","Isabel de Castro","1998-04-08","1997-03-17","22","12","2633.90"
"11008","Roland Mendel","1998-04-08","1998-04-01","7","0","4680.90"
"11009","José Pedro Freyre","1998-04-08","1998-03-13","26","0","616.50"
"11010","Maurizio Moroni","1998-04-09","1998-03-11","29","0","645.00"
"11011","Maria Anders","1998-04-09","1998-03-16","24","0","933.50"
"11012","Peter Franken","1998-04-09","1998-03-05","4","1","2825.30"
"11013","Alejandra Camino","1998-04-09","1998-03-02","7","1","361.00"
"11014","Felipe Izquierdo","1998-04-10","1998-03-17","24","0","243.18"
"11015","Jonas Bergulfsen","1998-04-10","1998-02-26","12","1","622.35"
"11016","Thomas Hardy","1998-04-10","1998-03-16","25","0","491.50"
"11017","Roland Mendel","1998-04-13","1998-04-08","5","0","6750.00"
"11018","Fran Wilson","1998-04-13","1998-02-12","1","2","1575.00"
"11019","Sergio Gutiérrez","1998-04-13","1998-02-27","14","1","76.00"
"11020","Henriette Pfalzheim","1998-04-14","1998-04-03","11","0","632.40"
"11021","Horst Kloss","1998-04-14","1998-04-02","12","0","6306.24"
"11022","Mario Pontes","1998-04-14","1998-03-27","18","0","1402.00"
"11023","Victoria Ashworth","1998-04-14","1998-03-13","1","1","1500.00"
"11024","Ann Devon","1998-04-15","1998-03-31","15","0","1966.81"
"11025","Pirkko Koskitalo","1998-04-15","1997-12-17","29","3","270.00"
"11026","Paolo Accorti","1998-04-15","1997-12-31","15","3","1030.00"
"11027","Elizabeth Lincoln","1998-04-16","1998-03-27","20","0","877.72"
"11028","Philip Cramer","1998-04-16","1998-02-18","26","1","2160.00"
"11029","Yang Wang","1998-04-16","1998-03-20","27","0","1286.80"
"11030","Jose Pavarotti","1998-04-17","1998-04-06","11","0","12615.05"
"11031","Jose Pavarotti","1998-04-17","1998-04-06","11","0","2393.50"
"11032","Karl Jablonski","1998-04-17","1998-02-24","21","1","8902.50"
"11033","Michael Holz","1998-04-17","1998-03-16","1","1","3232.80"
"11034","Rene Phillips","1998-04-20","1998-03-20","0","1","539.40"
"11035","Pascale Cartrain","1998-04-20","1998-03-06","14","1","1754.50"
"11036","Sven Ottlieb","1998-04-20","1998-01-09","11","3","1692.00"
"11037","José Pedro Freyre","1998-04-21","1998-04-08","13","0","60.00"
"11038","Pascale Cartrain","1998-04-21","1998-04-20","1","0","732.60"
"11039","Felipe Izquierdo","1998-04-21","1998-04-10","11","0","3090.00"
"11040","Howard Snyder","1998-04-22","1998-04-07","15","0","200.00"
"11041","Yang Wang","1998-04-22","1998-04-16","6","0","1773.00"
"11042","Pedro Afonso","1998-04-22","1998-03-23","30","0","405.75"
"11043","Dominique Perrier","1998-04-22","1998-03-20","2","1","210.00"
"11044","Zbyszek Piestrzeniewicz","1998-04-23","1998-04-03","20","0","591.60"
"11045","Elizabeth Lincoln","1998-04-23","1998-04-16","7","0","1309.50"
"11046","Rita Müller","1998-04-23","1997-09-15","8","7","1485.80"
"11047","Ann Devon","1998-04-24","1998-04-15","9","0","817.88"
"11048","Elizabeth Lincoln","1998-04-24","1998-04-23","1","0","525.00"
"11049","André Fonseca","1998-04-24","1998-03-18","6","1","273.60"
"11050","Maria Larsson","1998-04-27","1998-04-06","21","0","810.00"
"11051","Annette Roulet","1998-04-27","1998-03-03","24","1","36.00"
"11052","Mario Pontes","1998-04-27","1998-04-14","13","0","1332.00"
"11053","Georg Pipps","1998-04-27","1998-01-21","6","3","3055.00"
"11054","Patricio Simpson","1998-04-28","1998-03-10","18","1","305.00"
"11055","Carlos Hernández","1998-04-28","1998-03-25","3","1","1727.50"
"11056","Ann Devon","1998-04-28","1998-04-24","4","0","3740.00"
"11057","Simon Crowther","1998-04-29","1997-11-24","5","5","45.00"
"11058","Hanna Moos","1998-04-29","1998-03-17","12","1","858.00"
"11059","Janete Limeira","1998-04-29","1998-02-09","20","2","1838.00"
"11060","Paolo Accorti","1998-04-30","1998-04-15","15","0","266.00"
"11061","Howard Snyder","1998-04-30","1998-04-22","8","0","510.00"
"11062","Maurizio Moroni","1998-04-30","1998-04-09","21","0","406.40"
"11063","Patricia McKenna","1998-04-30","1998-03-30","0","1","1342.95"
"11064","Jose Pavarotti","1998-05-01","1998-04-17","14","0","4330.40"
"11065","Carlos González","1998-05-01","1998-04-03","28","0","189.42"
"11066","Karl Jablonski","1998-05-01","1998-04-17","14","0","928.75"
"11067","Sven Ottlieb","1998-05-04","1998-04-20","14","0","86.85"
"11068","Lúcia Carvalho","1998-05-04","1998-03-19","16","1","2027.08"
"11069","Miguel Angel Paolino","1998-05-04","1998-02-27","5","2","360.00"
"11070","Renate Messner","1998-05-05","1998-03-09","27","1","1629.98"
"11071","Carlos González","1998-05-05","1998-05-01","4","0","484.50"
"11072","Roland Mendel","1998-05-05","1998-04-13","22","0","5218.00"
"11073","Guillermo Fernández","1998-05-05","1998-04-02","3","1","300.00"
"11074","Jytte Petersen","1998-05-06","1997-12-29","8","4","232.09"
"11075","Michael Holz","1998-05-06","1998-04-17","19","0","498.10"
"11076","Laurence Lebihan","1998-05-06","1998-03-11","26","1","792.75"
"11077","Paula Wilson","1998-05-06","1998-04-06","0","1","1255.71"